date_acc,place_acc,operator,error,type_error
10/04/1960,Boston; Massachusetts,Este de AL,Durante el despegue el avión golpeó a una bandada de estorninos perdió tres motores y se estrelló.,IMPACTOS DE AVES
11/23/1962,Ellicott; Maryland,United AL,El avión golpeó a un cisne silbante arrancando el estabilizador horizontal izquierdo.,IMPACTOS DE AVES
03/24/1968,Wexford Harbor; Irlanda,Air Lingus,Posible impacto de aves que conduce a daños estructurales y choque.,IMPACTOS DE AVES
09/15/1988,Bahar Dar; Etiopía,AL etíope,Falla del motor debido a la ingestión de 10-16 aves de Guinea Columbia causando un choque.,IMPACTOS DE AVES
04/18/1990,Fuera de Panamá,Aero Perlas,Se estrelló en el despegue debido a una falla del motor causada por la ingestión de aves.,IMPACTOS DE AVES
09/22/1995,Anchorage; Alaska,Fuerza Aérea de los Estados Unidos,Voló a una bandada de 100 o más gansos de Canadá luego perdió dos motores y se estrelló.,IMPACTOS DE AVES
04/19/2000,Pepo; Congo,Aerolíneas Centrafricain,Se estrelló después de perder sus motores después de golpear pájaros.,IMPACTOS DE AVES
01/15/2009,Nueva York; Estado de Nueva York,US Airways,Abandonado en el río Hudson después de perder ambos motores después de la colisión con gansos canadienses.,IMPACTOS DE AVES
05/14/1923,Amiens; Picrdie; Francia,Unión Aérea,Posiblemente iniciado por un pasajero que descarta un fósforo después de encender un cigarrillo.,Bodega de carga o Cabina o Incendios en la cabina
05/07/1928,Florianópolis; Brasil,Florianópolis; Brasil,Fuego en vuelo.,Bodega de carga o Cabina o Incendios en la cabina
03/28/1933,Dixmude; Bélgica,Imperial Airways,Se cree que el incendio fue iniciado por un pasajero; el Dr. Voss; en un intento de suicidio.,Bodega de carga o Cabina o Incendios en la cabina
07/28/1937,Hal; Bélgica,KLM,Alcanzado por un rayo y después de un incendio en vuelo.,Bodega de carga o Cabina o Incendios en la cabina
08/06/1937,Bistrita; Rumanía,Aeroflot,Un pasajero encendió un cigarrillo en el inodoro trasero y encendió los vapores acumulados.,Bodega de carga o Cabina o Incendios en la cabina
01/13/1939,Miles City; Montana,Northwest Orient Airlines,Un incendio de considerable intensidad se desarrolló; antes del accidente; en la cabina del avión; en las inmediaciones de la válvula de alimentación cruzada de gasolina.,Bodega de carga o Cabina o Incendios en la cabina
08/15/1939,Copenhague; Dinamarca,British Airways,Incendio causado por el sobrellenado de los tanques de combustible.,Bodega de carga o Cabina o Incendios en la cabina
04/21/1944,Frederikstad; Noruega,Deutsche Lufthansa,Una bengala de señal inició un incendio a bordo,Bodega de carga o Cabina o Incendios en la cabina
09/07/1945,Florence; Carolina del Sur,Este de AL,Un incendio de origen indeterminado en el compartimiento de carga trasero o en el baño.,Bodega de carga o Cabina o Incendios en la cabina
06/01/1946,Amalfi; Italia,Fuerzas Aéreas del Ejército de los Estados Unidos,Un incendio de origen indeterminado estalló en la cabina.,Bodega de carga o Cabina o Incendios en la cabina
07/11/1946,Reading; Pensilvania,Transcontinental,Incendio en vuelo causado por la falla de la instalación de un perno de plomo del generador en el compartimiento de equipaje.,Bodega de carga o Cabina o Incendios en la cabina
10/24/1947,United Air Lines,Bryce Canyon; Utah,Un defecto de diseño hace que la gasolina sea aspirada de nuevo en la entrada del calentador de la cabina.,Bodega de carga o Cabina o Incendios en la cabina
06/17/1948,Monte Carmelo; Pensilvania,United Air Lines,Incendio en vuelo en bodega de carga.,Bodega de carga o Cabina o Incendios en la cabina
12/15/1948,Bogata; Colombia,LANSA,Detonación accidental de fuegos artificiales que se llevan a bordo que conducen a la separación en vuelo del ala.,Bodega de carga o Cabina o Incendios en la cabina
08/02/1949,Jaquirana; Brasil,Varig,Se produjo un incendio en la bodega de carga G.,Bodega de carga o Cabina o Incendios en la cabina
12/30/1949,Comilla; Pakistán,Bharat Airways,Un incendio estalló en una bodega de carga.,Bodega de carga o Cabina o Incendios en la cabina
10/27/1951,Flores; Guatemala,Fuerza Aérea Guatemalteca,Un pasajero puede haber iniciado un incendio en la cabina del avión con un cigarrillo.,Bodega de carga o Cabina o Incendios en la cabina
02/01/1954,Hokkaido; Japón,Fuerza Aérea de los Estados Unidos,Se informó de un incendio en la bodega de carga.,Bodega de carga o Cabina o Incendios en la cabina
11/08/1957,Océano Pacífico,Panamericana,Posible incendio en vuelo. Se encontraron altos niveles de monóxido de carbono en los cuerpos.,Bodega de carga o Cabina o Incendios en la cabina
09/02/1958,Fuera de Guam,Fuerza Aérea de los Estados Unidos,Incendio en vuelo de origen desconocido.,Bodega de carga o Cabina o Incendios en la cabina
03/01/1959,Alma; Georgia,Líneas aéreas Riddle,El encendido de la carga en el compartimiento del vientre de popa causado por el contacto con una bombilla sin protección.,Bodega de carga o Cabina o Incendios en la cabina
09/04/1963,Durrenasch; Suiza,Swissair,Línea hidráulica dañada que provocó el inicio de un incendio.,Bodega de carga o Cabina o Incendios en la cabina
01/09/1964,Zárate; Argentina,Aero Litoral Argentina,La tripulación posiblemente fue vencida por los humos de un incendio en la cabina.,Bodega de carga o Cabina o Incendios en la cabina
07/09/1964,Parrottsville; Tennesee,United AL,Un incendio incontrolable de origen desconocido que comenzó debajo del piso de pasajeros y finalmente involucró la cabina de pasajeros.,Bodega de carga o Cabina o Incendios en la cabina
06/27/1967,Blossburg; Pensilvania,Mohawk Airlines,El fuego en vuelo destruyó los sistemas de control de cabeceo. La instalación incorrecta de una válvula causó que el aire caliente inflamara el fluido hidráulico.,Bodega de carga o Cabina o Incendios en la cabina
09/11/1968,Cap d'Antibes; Francia,Air France,Incendio a bordo en la parte trasera de la cabina.,Bodega de carga o Cabina o Incendios en la cabina
07/26/1969,Biskra; Argelia,Aire Algerie,Un incendio en un panel eléctrico provocó un incendio en la cabina.,Bodega de carga o Cabina o Incendios en la cabina
05/06/1970,Mogadiscio; Somalia,Somali Airlines,Incendio de origen desconocido.,Bodega de carga o Cabina o Incendios en la cabina
12/24/1971,Huánuco; Perú,Líneas Aéreas Nacionales,El rayo provocó un incendio que llevó a la separación del ala derecha y parte del ala izquierda.,Bodega de carga o Cabina o Incendios en la cabina
08/14/1972,Konigs; Alemania Oriental,Interflug,El aislamiento de fusión encendió el fluido inflamable que condujo a un incendio incontrolable que finalmente debilitó la estructura hasta que la cola se cayó.,Bodega de carga o Cabina o Incendios en la cabina
08/31/1972,Magnitogorsk; Rusia,Aeroflot,Incendio causado por la ignición espontánea del equipaje de los pasajeros.,Bodega de carga o Cabina o Incendios en la cabina
07/11/1973,París; Orly; Francia,Varig,Un incendio comenzó en el inodoro derecho de popa; ya sea por un cortocircuito eléctrico o un cigarrillo desechado.,Bodega de carga o Cabina o Incendios en la cabina
11/03/1973,Boston; Massachusetts,Panamericana,Humo en la cabina e incendio incontrolable causado por el derrame de ácido nítrico en el embalaje de aserrín en la bodega de carga.,Bodega de carga o Cabina o Incendios en la cabina
11/26/1979,Ta'if; Jeddah; Arabia Saudí,Pakistán Inter.,Un incendio puede haber sido iniciado por un pasajero; posiblemente por una estufa de queroseno con fugas.,Bodega de carga o Cabina o Incendios en la cabina
08/19/1980,Riad; Arabia Saudí,Arabia Saudita AL,Se produjo un incendio en el compartimiento de carga de popa.,Bodega de carga o Cabina o Incendios en la cabina
09/15/1980,Medina; Arabia Saudí,Real Fuerza Aérea Saudita,Fuego en vuelo.,Bodega de carga o Cabina o Incendios en la cabina
12/24/1982,Cantón; China,CAAC,El cigarrillo de un pasajero causó un incendio en la cabina que provocó la explosión de un tanque de oxígeno.,Bodega de carga o Cabina o Incendios en la cabina
02/13/1983,Fayetteville; Carolina del Norte,Fuerza Aérea de los Estados Unidos,Incendio causado por una APU sobrecalentada.,Bodega de carga o Cabina o Incendios en la cabina
06/02/1983,Covington; Kentucky,Air Canada,Un incendio en vuelo en el baño trasero; de origen desconocido.,Bodega de carga o Cabina o Incendios en la cabina
12/31/1985,De Kalb; Texas,Privado,El fuego comenzó en un calentador de cabina defectuoso.,Bodega de carga o Cabina o Incendios en la cabina
07/02/1986,Syktyvar; Rusia,Aeroflot,Un incendio en vuelo fue causado por el equipaje que se encendió en la bodega de carga trasera.,Bodega de carga o Cabina o Incendios en la cabina
05/09/1987,Varsovia; Polonia,Lote,No se detectó un incendio en la bodega de carga debido a daños en el sistema de advertencia de incendios.,Bodega de carga o Cabina o Incendios en la cabina
11/28/1987,Mauricio; Océano Índico,South African Airways,Un incendio se originó en una paleta frontal en el lado derecho en la bodega de carga de la cubierta superior.,Bodega de carga o Cabina o Incendios en la cabina
04/12/1988,United Airways,Hennenman; Sudáfrica,Una fuga en la bomba de refuerzo derecha fue la fuente del incendio.,Bodega de carga o Cabina o Incendios en la cabina
01/13/1990,Pervouralsk; Rusia,Aeroflot,Se produjo un incendio en la bodega de carga trasera. Cortocircuito eléctrico.,Bodega de carga o Cabina o Incendios en la cabina
07/11/1991,Jeddah; Arabia Saudí,Nigeria Airways,Fuego en el pozo de la rueda debido a neumáticos inflados.,Bodega de carga o Cabina o Incendios en la cabina
07/12/1995,Gumey; Papúa Nueva Guinea,Milne Bay Air,Se produjo un incendio en la bodega de carga en el equipaje de un pasajero.,Bodega de carga o Cabina o Incendios en la cabina
05/11/1996,Everglades; Florida,ValuJjet,Un incendio en vuelo causado por la activación de generadores de oxígeno en la bodega de carga delantera.,Bodega de carga o Cabina o Incendios en la cabina
04/15/1997,Gyandzha; Azerbaiyán,Aerolíneas de Azerbaiyán,Una bala perdida de los soldados de entrenamiento golpeó un bote de oxígeno del avión de aterrizaje.,Bodega de carga o Cabina o Incendios en la cabina
06/06/1997,Irumu; Congo,Bazair,Fuego en la cabina.,Bodega de carga o Cabina o Incendios en la cabina
09/02/1998,Peggy's Cove; Nueva Escocia,Swissair,Un incendio en el cableado del sistema de entretenimiento comenzó en un área oculta sobre el techo de la cabina cuando el arco encendió el material de la cubierta hecha de mantas de aislamiento térmico.,Bodega de carga o Cabina o Incendios en la cabina
08/21/1999,Hualian; Taiwán,Uni Aire,Ignición accidental de gasolina almacenada en 2 botellas de lejía en la parte superior.,Bodega de carga o Cabina o Incendios en la cabina
07/25/2000,Gonesse; Francia,Air France,El Concorde se incendió después de que un objeto extraño rompiera el tanque de combustible.,Bodega de carga o Cabina o Incendios en la cabina
01/21/2001,Ciudad Bolívar; Venezuela,Rutaca Airlines,Se incendió después del despegue.,Bodega de carga o Cabina o Incendios en la cabina
03/03/2001,Thai Airways,Bangkok; Tailandia,Explosión del tanque de combustible central y fuego mientras está en el suelo.,Bodega de carga o Cabina o Incendios en la cabina
12/01/2001,Novaya Inya ; Rusia,Militares rusos,Incendio a bordo en FL290.,Bodega de carga o Cabina o Incendios en la cabina
05/26/2006,Chelyabinsk; Rusia,Moskovia Airlines,Fuego a bordo.,Bodega de carga o Cabina o Incendios en la cabina
08/22/2006,Donetsk; Ucrania,Pulkovo Airlines,Incendio reportado a bordo.,Bodega de carga o Cabina o Incendios en la cabina
08/03/2008,Isla de Vancouver,Pacific Coastal Airlines,El fuego eléctrico encendió el combustible derramado.,Bodega de carga o Cabina o Incendios en la cabina
08/06/2009,Nganga Lingolo; Congo,Negocio Aero Fret,Fuego en la parte trasera del avión.,Bodega de carga o Cabina o Incendios en la cabina
04/21/2010,Pampanga; Filipinas,Interisland Airlines,Incendio eléctrico.,Bodega de carga o Cabina o Incendios en la cabina
09/03/2010,Dubái; Emiratos Árabes Unidos,United Parcel Service- UPS,Fuego y humo del área de carga. Llevar baterías de litio.,Bodega de carga o Cabina o Incendios en la cabina
07/21/2011,Off Jeju; Corea del Sur,Asiana Airlines,Incendio en la bodega de carga.,Bodega de carga o Cabina o Incendios en la cabina
6/13/1947,Leesburg; Virginia,Pensilvania AL,Una causa que contribuyó fue la autorización defectuosa dada por ATC.,error_control_aereo
05/22/1948,Khabarovsk; Rusia,Aeroflot,Error de ATC.,error_control_aereo
11/01/1949,Arlington; Virginia,Líneas aéreas orientales,Error de ATC.,error_control_aereo
10/05/1952,Skvoritsy; Rusia,Aeroflot,Colisión en el aire con un avión TC-62. Error de ATC.,error_control_aereo
04/14/1958,Castel de Fels; España,Aviaco,A otro avión se le permitió despegar sin saber la posición exacta del avión.,error_control_aereo
07/21/1961,Shemya; Alaska,Alaska AL,Falta de orientación del controlador de tráfico aéreo durante las últimas etapas del vuelo.,error_control_aereo
02/08/1965,Nueva York; Estado de Nueva York,Este de AL,Colocación de los dos aviones en una cabeza cercana en curso causando que uno se estrelle.,error_control_aereo
03/09/1967,Urbana; Ohio,Aerolíneas Trans World,Sistemas ATC inadecuados para separar el tráfico controlado y no controlado.,error_control_aereo
03/05/1969,San Juan; Puerto Rico,Prinair,Un aprendiz vectorizó la aeronave en terreno montañoso en condiciones IFR.,error_control_aereo
09/09/1969,Fairland; Indiana,Allegheny AL,Separación inadecuada de VFR y deficiencias en el sistema ATC,error_control_aereo
02/06/1970,Samarcanda; URSS,Aeroflot,Identificación errónea de la aeronave por el ATC causando que el avión impacte una montaña.,error_control_aereo
09/17/1971,Balcanes búlgaros AL,Montaña de Rila; Bulgaria,El ATC confundió el avión con otro avión turco.,error_control_aereo
12/04/1971,Raleigh; Carolina del Norte,Este de AL,Insuficiencia de las instalaciones y servicios de ATC en el área de la terminal.,error_control_aereo
01/04/1972,Plovdiv; Bulgaria,Balcanes búlgaros AL,Mientras se acercaba; el avión voló hacia una montaña. Error de ATC.,error_control_aereo
05/04/1972,Bratsk; Rusia,Aeroflot,Error de ATC. El clima actual no se transmitió al avión.,error_control_aereo
12/20/1972,Chicago; Illinois,Delta/Centro Norte,El ATC dio instrucciones ambiguas a la tripulación.,error_control_aereo
07/31/1973,Boston; Massachusetts,Delta Air Lines,Mal posicionamiento de la aeronave para una aproximación por ATC.,error_control_aereo
12/01/1974,Berryville; Virginia,Aerolíneas Trans World,Falta de claridad en los procedimientos ATV.,error_control_aereo
03/20/1975,Quilcene; Washington,Fuerza Aérea de los Estados Unidos,Autorización defectuosa por parte del ATC después de identificar erróneamente el C-141 como otro avión.,error_control_aereo
12/04/1974,Irkutsk; Rusia,Aeroflot,Error ATC; negligencia en las operaciones. Colisión en el aire.,error_control_aereo
09/09/1976,Adler; Rusia,Aeroflot / Aeroflot,Violación de las reglas de separación.,error_control_aereo
09/10/1976,Hrvatska; Yugoslavia,Inex Adria Aviopromet / British Airways,Error ATC; negligencia en las operaciones. Colisión en el aire.,error_control_aereo
02/11/1978,Cranbrook; Columbia Británica,Pacífico occidental de la Liga Americana,Hora estimada de llegada dada por Calgary ATC por error.,error_control_aereo
08/11/1979,Dneprodzerzhinsk; URSS,Aeroflot,Error de separación por parte del ATC que causa una colisión en el aire.,error_control_aereo
09/14/1979,Sarroch; Italia,Aero Transporti Italiani,Asistencia inadecuada de ATC.,error_control_aereo
08/24/1981,Zavitinsk; Rusia,Fuerza Aérea Rusa,Mala comunicación entre los ATC civiles y militares.,error_control_aereo
04/11/1983,Leninakan; Rusia,Aeroflot,Error de procedimiento ATC al no identificar la posición de los aviones.,error_control_aereo
04/19/1983,Keninakan; Rusia,Aeroflot,Error de procedimiento ATC al no identificar la posición de los aviones.,error_control_aereo
03/06/1987,Aeroflot,Almaty; Kazajstán,El ATC no monitoreó el avión durante al menos 2 minutos después de observar que el avión tomaba un rumbo equivocado.,error_control_aereo
02/18/1989,Kuala Lumpur; Malasia,Tigre Volador AL,Fraseología no estándar utilizada por Kuala Lumpur ATC; lo que hace que la tripulación malinterprete las instrucciones.,error_control_aereo
02/01/1991,Los Ángeles; California,USAir/Skywest,ATC autorizó un avión a aterrizar mientras la pista estaba ocupada por otro avión.,error_control_aereo
01/20/1992,Estrasburgo; Francia,Air Inter,El avión estaba ligeramente fuera de curso debido a un error ATC,error_control_aereo
09/22/1995,Ancorage; Alaska,Fuerza Aérea de los Estados Unidos,ATC no usó sobre las aves en el área.,error_control_aereo
11/07/1996,Lagos; Nigeria,Aviación Dev. Corp.,El controlador pensó que había despejado a la aeronave a la altitud correcta; pero no lo hizo.,error_control_aereo
09/26/1997,Buah Nabar; Indonesia,Garuda Indonesio AL,Error ATC al dirigir el avión en la dirección equivocada hacia un terreno montañoso.,error_control_aereo
11/12/1999,Pristina; Kosovo,Carta de las Naciones Unidas,Seguimiento inadecuado por parte del ATC militar.,error_control_aereo
10/25/2000,Batumi; Georgia,Fuerza Aérea Rusa,Error de ATC.,error_control_aereo
07/01/2002,Uberlinger; Alemania,Bashkirian AL / DHL,Información contradictoria dada al piloto por ATC y lo que estaba recibiendo en su TCAS.,error_control_aereo
03/31/1995,Balotesti; Rumanía,Trad. Aeriene Rom.,El capitán quedó incapacitado poco después de despegar.,error_control_aereo
09/04/2000,Cerca de Burketown; Australia,Aire central,Incapacitación del capitán debido a la cabina despresurizada y la falta de oxígeno.,error_control_aereo
08/14/2005,Grammatikos; Grecia,Helios Airways,La falla de presurización incapacitó a toda la tripulación.,error_control_aereo
03/31/1931,Bazar (Kansas),Trans Cont. y West AW,El alerón revolotea; provocado por la humedad que se filtra en el interior del ala; debilitando el pegamento que unía los largueros de madera.,defectos-diseño
10/24/1947,Bryce Canyon; Utah,United AL,Se permitió que el combustible ventilado se llevara de vuelta a la entrada de aire del calentador de cabina causando un incendio.,defectos-diseño
11/11/1947,Gallup; Nuevo México,AL Americana,Se permitió que el combustible ventilado se llevara de vuelta a la entrada de aire del calentador de cabina causando un incendio.,defectos-diseño
06/17/1948,Monte Carmelo; Pensilvania,United AL,Un defecto de diseño permitió que el dióxido de carbono utilizado para suprimir un incendio se filtrara en la cabina y asfixiara a la tripulación.,defectos-diseño
08/29/1948,Winona; Minnesota,Noroeste Oriente AL,Pérdida del panel exterior del ala izquierda que se separó como resultado de una grieta por fatiga inducida por un diseño defectuoso de una brida del ala.,defectos-diseño
01/10/1954,Elba; Italia,British Ultramar AW,Fatiga del metal debido a un defecto de diseño.,defectos-diseño
04/08/1954,Off Stromboli; Italia,Trans Canadá AL,Fatiga del metal debido a un defecto de diseño.,defectos-diseño
02/05/1955,Calabar; Nigeria,África Occidental AW,Un defecto de diseño en el ala provocó grietas por fatiga y fallas en el ala.,defectos-diseño
09/29/1959,Búfalo; Texas,Braniff AL,Un defecto de diseño causó una oscilación conocida como modo para transferir el bamboleo de la hélice a las góndolas exteriores e inducir el aleteo en el ala; lo que llevó a la separación del ala.,defectos-diseño
03/17/1960,Tell City; Indiana,Noroeste Oriente AL,Un defecto de diseño causó una oscilación conocida como modo para transferir el bamboleo de la hélice a las góndolas exteriores e inducir el aleteo en el ala; lo que llevó a la separación del ala.,defectos-diseño
07/05/1970,Toronto; Canadá,Air Canada,Diseño defectuoso al permitir que el mango del alerón realice dos tareas diferentes no relacionadas.,defectos-diseño
03/03/1974,Ermenonville; Francia,AL turca,Un defecto en el mecanismo de enganche en la puerta de carga.,defectos-diseño
07/06/1982,Moscú; Rusia,Aeroflot,Falla del sistema de advertencia de incendio de la planta de energía de la aeronave debido a deficiencias de diseño que resultaron en indicaciones falsas de incendio en ambos motores.,defectos-diseño
02/24/1989,United Air Lines,Honolulu; Hawái,Mecanismo de cierre mal diseñado de la puerta de carga.,defectos-diseño
04/06/1993,Sobre el Océano Pacífico,China Este de AL,Diseño inadecuado del mango de accionamiento de aleta / listón que permitió que se desprendiera inadvertidamente de la posición UP / RET; lo que provocó la extensión de los listones del borde de ataque.,defectos-diseño
03/03/1991,Colorado Springs; Colorado,United AL,Deflexión no controlada del timón causada por el atasco de la servoválvula PUC del timón principal. Defecto de diseño.,defectos-diseño
04/06/1993,Shemya; Alaska,China Eastern Airlines,Idiseño inadecuado del mango de accionamiento de solapa/listón que permitía que el mango se desprendiera fácil e inadvertidamente de la posición UP/RET;,defectos-diseño
09/08/1994,Aliquippa; Pensilvania,USair,Deflexión no controlada del timón causada por el atasco de la servoválvula PUC del timón principal. Defecto de diseño.,defectos-diseño
10/31/1994,Roselawn; Indiana,Águila calva,El diseño de la bota de deshielo de goma era insuficiente para hacer frente a la formación de hielo en las alas.,defectos-diseño
12/05/1997,Irkutsk; Rusia,Fuerza Aérea Rusa,Defecto de diseño que condujo a un funcionamiento descoordinado de los compresores de alta presión.,defectos-diseño
10/29/2018,Fuera de Yakarta Indonesia,Aire del León,Defecto de diseño de software. Boeing 737 Max8,defectos-diseño
08/10/2019,Bishoftu; Etiopía,Etiopian Airlines,Defecto de diseño de software. Boeing 737 Max8,defectos-diseño
05/18/1935,Servicio de vuelo Knowles,Flint; Míchigan,Negligencia en el piloto por no reponer su suministro de combustible antes de que bajara peligrosamente.,FALTA DE COMBUSTIBLE
12/31/1935,Imperial Airways,Alejandría; Egipto,Se quedó sin combustible.,FALTA DE COMBUSTIBLE
07/02/1937,Lae; Nueva Guinea,Purdue Res. Found.,El avión tuvo que volar más alto de lo esperado debido a las tormentas que utilizaron combustible adicional.,FALTA DE COMBUSTIBLE
11/29/1938,Off Point Reyes; California,United Air Lines,Se quedó sin combustible forzando una zanja en el mar.,FALTA DE COMBUSTIBLE
02/09/1943,Gander; Terranova,British Ultramar AW,Se quedó sin combustible.,FALTA DE COMBUSTIBLE
12/28/1946,Ciudad de Michigan; Míchigan,AL Americana,Se quedó sin combustible por razones desconocidas.,FALTA DE COMBUSTIBLE
01/05/1947,Carmel; Nueva Jersey,Nationwide Air Trans.,Casi el agotamiento del combustible obligó a la tripulación a llevar a cabo un aterrizaje de emergencia.,FALTA DE COMBUSTIBLE
01/11/1947,Lympne; Inglaterra,BOAC,Se quedó sin combustible debido a las malas condiciones climáticas encontradas durante todo el vuelo.,FALTA DE COMBUSTIBLE
01/07/1948,Savannah; Georgia,Líneas aéreas costeras,Las válvulas de combustible se colocaron de modo que ambos motores se suministraran desde un solo tanque.,FALTA DE COMBUSTIBLE
01/30/1948,Cerca de Bermudas,Británico So. Am. AW,Se encontró con fuertes vientos en contra en el Atlántico y se quedó sin combustible.,FALTA DE COMBUSTIBLE
08/15/1949,Lurga Point; Irlanda,Líneas aéreas transoceánicas,Se quedó sin combustible y abandonó en el Atlántico.,FALTA DE COMBUSTIBLE
07/28/1950,Porte Alegre; Brasil,Penair do Brasil,Se quedó sin combustible mientras estaba en un patrón de espera.,FALTA DE COMBUSTIBLE
04/30/1952,Delhi; India,Deccan; AW,Falta de combustible después de que el avión se inclinó para hacer un giro y el tanque estaba casi vacío.,FALTA DE COMBUSTIBLE
05/26/1952,Atar; Mauritania,British Ultramar AW,Se perdió en el desierto y se quedó sin combustible.,FALTA DE COMBUSTIBLE
06/19/1954,Folkestone; Inglaterra,Swissair,Abandonado en el Océano Atlántico después de quedarse sin combustible.,FALTA DE COMBUSTIBLE
12/22/1954,Pittsburgh; Pensilvania,Servicio de vuelo Johnson,Abandonado en el río Monongahela después de quedarse sin combustible.,FALTA DE COMBUSTIBLE
05/02/1970,St. Croix; Islas Vírgenes,Antillian AL,Se quedó sin combustible y se hundió en el mar Mediterráneo.,FALTA DE COMBUSTIBLE
12/05/1970,Delhi; India,Jamair,El motor No. 2 falló en el despegue debido a la falta de combustible.,FALTA DE COMBUSTIBLE
02/01/1972,Tegal; Indonesia,Peñas,Debido a un error de la brújula; el avión se perdió y se estrelló debido a la falta de combustible.,FALTA DE COMBUSTIBLE
07/24/1973,Honolulu; Hawái,Air Hawaii,Inanición de combustible. Tanques auxiliares traseros sin servicio.,FALTA DE COMBUSTIBLE
08/11/1974,Uagadugú; Alto Volta,Air Mali,Después de ser desviado y un error de navegación; la tripulación rodeó la ciudad equivocada.,FALTA DE COMBUSTIBLE
10/20/1977,Gillsburg; Misisipi,Empresa L & J,Un mal funcionamiento en el motor No.2 causó un consumo de combustible más alto de lo normal.,FALTA DE COMBUSTIBLE
12/02/1977,Al Bayda; Líbano,Balcanes búlgaros AL,Debido a la niebla; la tripulación no pudo encontrar el aeropuerto alternativo y se quedó sin combustible.,FALTA DE COMBUSTIBLE
12/28/1978,Portland; Oregón,United AL,Se quedó sin combustible mientras la tripulación estaba distraída con un problema en el tren de aterrizaje.,FALTA DE COMBUSTIBLE
09/04/1982,Rio Branco; Brasil,Cia Bras. de Tratores,Se quedó sin combustible en la tercera aproximación con mal tiempo.,FALTA DE COMBUSTIBLE
07/23/1983,Gimli; Manitoba; Canadá,Air Canada,Accidentalmente se usaron libras/litro para el factor de gravedad específico en lugar de kilogramos/litro.,FALTA DE COMBUSTIBLE
09/03/1989,Sao Jose do Xingu; Brasil,Varig,La tripulación voló en la dirección equivocada durante dos horas y luego se quedó sin combustible.,FALTA DE COMBUSTIBLE
01/25/1990,Cove Neck; Estado de Nueva York,Avianca,Puso en una serie de patrones de espera debido al tráfico pesado y se quedó sin combustible.,FALTA DE COMBUSTIBLE
09/11/1990,Frente a Terranova; Canadá,Faucett,Se quedó sin combustible y se estrelló en el Océano Atlántico.,FALTA DE COMBUSTIBLE
06/26/1991,Sokotu; Nigeria,Okada Aire,Después de dar vueltas durante una hora; incapaz de localizar el campo de aviación; el avión se quedó sin combustible.,FALTA DE COMBUSTIBLE
11/15/1993,Kerman; Irán,Magistralnye Avialinii,Se quedó sin combustible mientras estaba en un patrón de espera.,FALTA DE COMBUSTIBLE
09/18/1994,Tamanrasset; Argelia,Oriental AL,Después de dar vueltas durante 1 1/2 horas y abortar cuatro intentos de aterrizaje; el avión se quedó sin combustible.,FALTA DE COMBUSTIBLE
09/26/1994,Vanavera; Rusia,Cheremshanka AL,Después de tres intentos de aterrizaje; la tripulación se desvió a su alternativa; pero se quedó sin combustible.,FALTA DE COMBUSTIBLE
09/11/1995,Jalalabad; Afganistán,Ariana afgana AL,Se quedó sin combustible.,FALTA DE COMBUSTIBLE
10/31/1995,Piedras Negras; México,TACSA,Se quedó sin combustible tratando de aterrizar en la niebla.,FALTA DE COMBUSTIBLE
04/05/1996,Petropavlovsk; Rusia,Krasnoyarskie AV,Se estrelló contra una montaña después de quedarse sin combustible.,FALTA DE COMBUSTIBLE
01/13/1998,Tor Kach; Pakistán,Ariana afgana AL,Se estrelló contra una montaña después de ser desviado a su alternativa debido al mal tiempo.,FALTA DE COMBUSTIBLE
03/24/2000,Kadirana; Sri Lanka,OMSK,Después de 2 mensajes de que estaban bajos en combustible; el avión se estrelló mientras intentaba aterrizar.,FALTA DE COMBUSTIBLE
08/12/2001,Lajes; Terceira; Azores,Air Transat,La pieza mal instalada causó una fuga de combustible y el avión se quedó sin combustible.,FALTA DE COMBUSTIBLE
06/11/2002,Winnipeg; Manitoba,Servicios aéreos Keystone,Se quedó sin combustible.,FALTA DE COMBUSTIBLE
11/11/2002,Manila; Filipinas,Laoag Int. Airlines,Fallo del piloto y el copiloto para comprobar las válvulas de combustible.,FALTA DE COMBUSTIBLE
08/13/2004,Cincinnati; Ohio,Air Tacoma,El fracaso de la tripulación de vuelo para monitorear los indicadores de combustible y reconocer un desequilibrio de combustible.,FALTA DE COMBUSTIBLE
08/06/2005,Frente a Palermo; Italia,Tuninter,El equipo de mantenimiento instaló incorrectamente un indicador de combustible para un ATR-42 en el ATR-72.,FALTA DE COMBUSTIBLE
11/28/2016,La Unión; Colombia,LAMIA Bolivia16,Despegó sin suficiente combustible.,FALTA DE COMBUSTIBLE
10/25/1948,RSS de Georgia; URSS,Aerflot,La tripulación bebió alcohol antes del vuelo.,INCAPACIDAD DEL PILOTO
10/06/1955,Centennial; Wyoming,United AL,Incapacitación de la tripulación por monóxido de carbono que emana de un calentador de cabina defectuoso.,INCAPACIDAD DEL PILOTO
10/30/1959,Waynesborough; Virginia,Piamonte AL,Colapso mental del capitán durante el vuelo.,INCAPACIDAD DEL PILOTO
01/03/1961,Koivulahti; Finlandia,Finnair,Ambos pilotos dieron positivo por alcohol.,INCAPACIDAD DEL PILOTO
12/14/1962,Burbank; California,Línea Flying Tiger,Incapacitación del capitán con un ataque al corazón en un punto crítico en el enfoque.,INCAPACIDAD DEL PILOTO
04/22/1966,Ardmore; Oklahoma,American Flyers AL,Incapacitación del capitán con un ataque al corazón durante las etapas finales de aproximación.,INCAPACIDAD DEL PILOTO
12/24/1966,Río Cascubel; Colombia,AVIANCA,Consumir alcohol poco antes del vuelo.,INCAPACIDAD DEL PILOTO
03/13/1967,East London; Sudáfrica,AW sudafricano,El capitán sufrió un ataque al corazón y el primer oficial no pudo recuperar el control de la aeronave.,INCAPACIDAD DEL PILOTO
01/14/1970,Monte Pumacona; Perú,Faucett,El estado mental del piloto afectó negativamente su juicio y eficiencia.,INCAPACIDAD DEL PILOTO
06/18/1972,Staines; Surrey; Inglaterra,AW europeo británico,Incapacitación del capitán por una posible hemorragia arterial.,INCAPACIDAD DEL PILOTO
10/13/1972,Krasnaya; Polyana; URSS,Aeroflot,Incapacitación repentina de la tripulación por razones desconocidas.,INCAPACIDAD DEL PILOTO
02/09/1982,Tokio; Japón,Japón AL,El capitán; conocido por tener problemas mentales; puso los motores intraborda en reversa.,INCAPACIDAD DEL PILOTO
08/28/1986,Texarkana; Arkansas,Puente aéreo del suroeste,Deterioro del alcohol del piloto y copiloto.,INCAPACIDAD DEL PILOTO
04/19/1991,Nuka Hiva; Polinesia Francesa,Air Tahiti,El rendimiento de la tripulación puede haberse visto afectado por el consumo de alcohol.,INCAPACIDAD DEL PILOTO
03/31/1995,Balotesti; Rumanía,Trad. Aeriene Rom.,El capitán quedó incapacitado poco después de despegar.,INCAPACIDAD DEL PILOTO
09/04/2000,Cerca de Burketown; Australia,Aire central,Incapacitación del capitán debido a la cabina despresurizada y la falta de oxígeno.,INCAPACIDAD DEL PILOTO
08/14/2005,Grammatikos; Grecia,Helios Airways,La falla de presurización incapacitó a toda la tripulación.,INCAPACIDAD DEL PILOTO
09/03/1929,Monte Taylor; Nuevo México,Transporte aéreo trans con.,Alcanzado por un rayo durante una tormenta eléctrica.,RELÁMPAGO
07/28/1937,Hal; Bélgica,KLM Royal Dutch Airlines,Se estrelló en un campo de papas después de posiblemente ser alcanzado por un rayo.,RELÁMPAGO
07/22/1938,Stulpica; Rumanía,Lote,Alcanzado por un rayo.,RELÁMPAGO
08/31/1940,Lovettsville; Virginia,Penn Central AL,Pilotos discapacitados por una descarga severa de rayos en las proximidades del avión.,RELÁMPAGO
09/27/1946,Rio Doce; Brasil,Panair do Brasil,Se estrelló contra la ladera de una montaña después de ser posiblemente alcanzado por un rayo.,RELÁMPAGO
05/13/1949,Novosibirsk; Rusia,Aeroflot,Se estrelló después de penetrar una tormenta eléctrica y un rayo golpeó la cabina.,RELÁMPAGO
01/17/1951,Civitavecchia; Italia,Alitalia,Un rayo encendió la mezcla de aire y humos de combustible en el tanque de combustible.,RELÁMPAGO
09/07/1951,Kazajistán; Rusia,Aeroflot,El avión se estrelló poco después de ser alcanzado por un rayo.,RELÁMPAGO
06/26/1959,Varese; Italia,Trans World AL,Ignición de vapores de gasolina que emanan de las tuberías de ventilación del tanque de combustible por descarga estática.,RELÁMPAGO
07/19/1961,Azul; Brasil,Aerolíneas Argentinas,Atrapado por un rayo y turbulencia extrema.,RELÁMPAGO
12/19/1962,Varsovia; Polonia,Lote,Se estancó después de ser alcanzado por un rayo.,RELÁMPAGO
08/12/1963,Lyon; Francia,Air Inter,Posibilidad de que un relámpago deslumbre a la tripulación y cause ceguera temporal.,RELÁMPAGO
12/08/1963,Elkton; Maryland,Panamericana AW,Ignición inducida por rayos de los vapores del tanque de combustible.,RELÁMPAGO
04/18/1967,Zarand; Irán,Fuerza Aérea Iraní,Se estrelló después de ser alcanzado por un rayo.,RELÁMPAGO
12/24/1971,Puerto Inca; Perú,Lineas Aereas Nac.,Un rayo provocó un incendio que llevó a la separación del ala derecha.,RELÁMPAGO
05/09/1976,Madrid; España,Fuerza Aérea de Irán,Un rayo causó una explosión en el tanque de combustible No. 1 que causó que el ala izquierda fallara.,RELÁMPAGO
09/05/1980,Montelimar; Francia,Fuerza Aérea de Kuwait,Alcanzado por un rayo.,RELÁMPAGO
02/08/1988,Mulheim; Alemania,Nfd,Alcanzado por un rayo y sufrió un fallo eléctrico completo.,RELÁMPAGO
08/09/1995,San Vicente; El Salvador,Aviateca,Posible daño al DME de la aeronave debido a un rayo.,RELÁMPAGO
06/22/2000,Shitai; China,Wuhan AL,Golpeado por un rayo causando que el avión explotara y se estrellara.,RELÁMPAGO
10/10/2001,Off Valencia; España,Línea de vuelo,La energía eléctrica se perdió después de un rayo.,RELÁMPAGO
12/27/2002,Anjouan; Islas Comoras,Ocean Airlines,Alcanzado por un rayo que causa la pérdida de horizontes artificiales y brújulas giroscópicas.,RELÁMPAGO
03/28/1933,Dixmude; Bélgica,Imperial AW,Incendio iniciado por un pasajero en un intento de suicidio.,SABOTAJE - SECUESTRO
07/16/1948,Océano Pacífico,Cathay Pacific AW,Se estrelló después de ser secuestrado y perder el control durante una lucha en la cabina.,SABOTAJE - SECUESTRO
05/07/1949,Sibuyan Sea; Filipinas,Filipinas AL,Bomba colocada a bordo para matar al marido de una mujer involucrada con otro hombre.,SABOTAJE - SECUESTRO
09/09/1949,Sault-aux-Cochons; Canadá,Canadian Pacific AL,Bomba de dinamita colocada a bordo por el marido para cobrar el seguro de la esposa.,SABOTAJE - SECUESTRO
04/13/1950,British European Airways,British European Airways,Una bomba hizo estallar un agujero de 8 pies por 4 pies en el fuselaje hiriendo gravemente a una azafata. Un pasajero francés intentó suicidarse.,SABOTAJE - SECUESTRO
08/12/1952,Palmeria de Goias; Brasil,Trans Aero Nac.,Una bomba explotó a bordo matando a todos a bordo.,SABOTAJE - SECUESTRO
04/11/1955,Isla Gran Natuna; Sarawak,Air India,Un trabajador de la aviación colocó un dispositivo incendiario en el pozo de la rueda de estribor.,SABOTAJE - SECUESTRO
07/27/1955,Cerca de Petrich; Bulgaria,El Al,Derribado por un avión de combate búlgaro.,SABOTAJE - SECUESTRO
11/01/1955,Longmont; Colorado,United AL,Jack Graham colocó una bomba a bordo para cobrar el seguro de la muerte de su madre.,SABOTAJE - SECUESTRO
07/25/1957,Daggett; California,Oeste de AL,El joyero Saul Binstock detonó una bomba en el baño en suicidio para un plan de seguro.,SABOTAJE - SECUESTRO
11/01/1958,Bahía de Nipe; Cuba,Cubana,Se estrelló después de ser secuestrado y quedarse sin combustible.,SABOTAJE - SECUESTRO
04/17/1959,Puerto Kino;México,Tigres Voladores,Se cree que una bomba explotó a bordo.,SABOTAJE - SECUESTRO
06/01/1959,Aerolíneas Nacionales,Nicaragua,Derribado por un caza de la Fuerza Aérea Nicaragüense.,SABOTAJE - SECUESTRO
09/08/1959,Poza Rica; México,Mexicana,Un pasajero; que se creía que llevaba una bomba; cayó del avión.,SABOTAJE - SECUESTRO
11/16/1959,Golfo de México,AL Nacional,La explosión de una bomba a bordo era fuertemente sospechosa.,SABOTAJE - SECUESTRO
01/06/1960,Bolivia; Carolina del Norte,AL Nacional,Un pasajero detonó una bomba de dinamita debajo de su asiento en suicidio para un complot de seguro.,SABOTAJE - SECUESTRO
04/28/1960,Calabozo; Venezuela,Línea Aeropostal Venezolana,Detonación de una granada de mano traída a bordo por un inmigrante ruso.,SABOTAJE - SECUESTRO
05/10/1961,En Amenas; Libia,Air France,Detonación de una bomba de nitrocelulosa.,SABOTAJE - SECUESTRO
05/22/1962,Unionville; Misuri,Continental AL,Detonación de una bomba de dinamita en el baño trasero derecho en un contenedor de toallas.,SABOTAJE - SECUESTRO
05/07/1964,San Ramón; California,Pacífico AL,Francisco Gonzales; un pasajero; disparó tanto al piloto como al primer oficial.,SABOTAJE - SECUESTRO
12/08/1964,Tripuani; Bolivia,Aerolíneas Abaroa,Detonación de una bomba en la sección de cola. Se sospechó un suicidio por un complot de seguro.,SABOTAJE - SECUESTRO
07/08/1965,Dog Creek; Columbia Británica,Canadian Pacific AL,Una bomba explotó en la cabina. El ácido y la pólvora pueden haber sido vertidos en el inodoro.,SABOTAJE - SECUESTRO
11/22/1966,Adén; Yemen,Adén AW,Detonación de un artefacto explosivo colocado en el equipaje de mano en la cabina.,SABOTAJE - SECUESTRO
02/09/1967,Ciudad de México; México,Cubana,Se estrelló debido a la explosión de una bomba.,SABOTAJE - SECUESTRO
10/12/1967,Rodas; Grecia,AW europeo británico,Destruido por la detonación de una bomba dentro de la cabina.,SABOTAJE - SECUESTRO
12/22/1969,Nha Trang; Vietnam,Air Vietnam,Un artefacto explosivo fue detonado en la cabina justo cuando el avión estaba a punto de aterrizar.,SABOTAJE - SECUESTRO
02/21/1970,Zúrich; Suiza,Swissair,Se cree que una bomba con un gatillo de altímetro había sido colocada en un paquete de correo.,SABOTAJE - SECUESTRO
04/21/1970,Manila; Filipinas,Filipinas AL,Se estrelló contra un terreno montañoso después de una explosión en el baño trasero.,SABOTAJE - SECUESTRO
06/02/1970,Roxas; Filipinas,Filipinas AL,Una granada de mano explotó dentro de la cabina de pasajeros en FL130. El avión aterrizó a salvo.,SABOTAJE - SECUESTRO
01/23/1971,Korean Air Lines,Sokcho; Corea del Sur,Un secuestrador detonó granadas que llevaba.,SABOTAJE - SECUESTRO
10/10/1971,Moscú; Rusia,Aeroflot,Se había colocado un artefacto explosivo TNT entre la pared de la cabina y un asiento de pasajero en la parte trasera de la cabina.,SABOTAJE - SECUESTRO
11/21/1971,Isla Penhu; Taiwán,China AL,Detonación de un artefacto explosivo.,SABOTAJE - SECUESTRO
12/06/1971,Tikaka; Sudán,Sudán AW,Secuestrado y se quedó sin combustible.,SABOTAJE - SECUESTRO
01/26/1972,Hermsdorf; Checoslovaquia,Jat,Detonación de una bomba en la bodega de carga delantera.,SABOTAJE - SECUESTRO
06/15/1972,Pleiku; Vietnam,Cathay Pacific AW,Detonación de un artefacto explosivo en la cabina de pasajeros en una maleta debajo de un asiento.,SABOTAJE - SECUESTRO
10/02/1972,Kampot; Camboya,Cambodia Air,Derribado por un proyectil de mortero mientras se acercaba a tierra en Kampot.,SABOTAJE - SECUESTRO
02/21/1973,Cerca de Isma'iliya; Egipto,Libia Arab Airlines,Derribado por cazas Phantom israelíes.,SABOTAJE - SECUESTRO
03/19/1973,Ben Me Thout; Vietnam del Sur,Air Vietnam,Se estrelló después de una explosión en la bodega de carga.,SABOTAJE - SECUESTRO
05/18/1973,Chita; Siberia; URSS,Aeroflot,Detonación de una bomba en la cabina transportada por un secuestrador.,SABOTAJE - SECUESTRO
12/17/1973,Roma; Italia,Panamericana AW,Dos bombas de fósforo fueron lanzadas al avión antes de su partida.,SABOTAJE - SECUESTRO
09/15/1974,Phan Rang; Vietnam,Air Vietnam,Detonación de dos granadas de mano en el habitáculo por un secuestrador.,SABOTAJE - SECUESTRO
06/03/1975,Manila; Filipinas,Líneas aéreas filipinas,Una bomba explotó en el baño trasero derecho causando un agujero en el fuselaje. El avión aterrizó a salvo.,SABOTAJE - SECUESTRO
01/01/1976,Al Qaysumah; Arabia Saudí,Oriente Medio AL,Detonación de un artefacto explosivo en el compartimento de carga delantero.,SABOTAJE - SECUESTRO
05/23/1976,Zamboanga; Filipinas,Líneas aéreas filipinas,Un secuestrador hizo estallar granadas en la cabina.,SABOTAJE - SECUESTRO
06/27/1976,Entebbe; Uganda,Air France,Siete pasajeros murieron durante una incursión de comando de las fuerzas israelíes.,SABOTAJE - SECUESTRO
08/28/1976,Ciudad Ho Chi Minh; Vietnam,Air France,Un secuestrador detonó dos granadas en la cabina y fue asesinado,SABOTAJE - SECUESTRO
10/06/1976,Bridgetown; Barbados,Cubana,Detonación de un artefacto explosivo en la popa de la cabina.,SABOTAJE - SECUESTRO
12/04/1977,Kampung Ladang; Malasia,Malasia AL,Secuestrado con ambos pilotos baleados.,SABOTAJE - SECUESTRO
09/03/1978,Kariba; Rodesia,Rhodesia del aire,Derribado con misil tierra-aire.,SABOTAJE - SECUESTRO
02/12/1979,Kariba; Rodesia,Rhodesia del aire,Derribado con misil tierra-aire,SABOTAJE - SECUESTRO
02/19/1979,Barentu; Etiopía,Ethiopian Airlines,Se estrelló después de que una bomba explotó a bordo.,SABOTAJE - SECUESTRO
11/15/1979,Chicago; Illinois,American Airlines,Un artefacto explosivo detonó en el compartimiento de equipaje.,SABOTAJE - SECUESTRO
06/27/1980,Mar Tirreno; Italia,Itavia,Un artefacto explosivo a bordo de la aeronave que causa el accidente aéreo.,SABOTAJE - SECUESTRO
12/21/1980,Río Hacha; Colombia,Trad. Aereos del Caribe,Explosión posiblemente causada por una bomba colocada en la sección trasera de la aeronave.,SABOTAJE - SECUESTRO
05/16/1981,Menongue; Angola,TAAG Angola Airlines,Derribado por un misil tierra-aire.,SABOTAJE - SECUESTRO
08/11/1982,Océano Pacífico,Panamericana,Un niño de dieciséis años murió cuando una bomba detonó debajo de un cojín de asiento.,SABOTAJE - SECUESTRO
11/08/1983,Lubango; Huila; Angola,TAAG Angola Airlines,Derribado por los rebeldes con un misil tierra-aire.,SABOTAJE - SECUESTRO
09/23/1983,Mina Jebel Ali; Emiratos Árabes Unidos,Aire del Golfo,Detonación de un artefacto explosivo en el compartimiento de equipaje.,SABOTAJE - SECUESTRO
02/02/2016,Mogadiscio; Somalia,desconocido,Una bomba que contenía TNT fue detonada en la cabina. Se observó un gran agujero en el costado del fuselaje.,SABOTAJE - SECUESTRO
06/14/1985,Atenas; Grecia,Trans World AL,El buzo de la Marina de los Estados Unidos Robert Stethem fue asesinado a bordo por secuestradores.,SABOTAJE - SECUESTRO
06/23/1985,Océano Atlántico; Irlanda,Air India,Detonación de un artefacto explosivo en la bodega de carga delantera.,SABOTAJE - SECUESTRO
11/24/1985,Luqa; Malta,Egyptair,Varias granadas de mano fueron lanzadas a la cabina causando un incendio.,SABOTAJE - SECUESTRO
04/02/1986,Atenas; Grecia,Trans World AL,Detonación de un artefacto explosivo en la cabina causando que 4 pasajeros sean succionados.,SABOTAJE - SECUESTRO
05/03/1986,Colombo; Sri Lanka,Air Lanka,Detonación de un artefacto explosivo en la sección trasera de la cabina mientras está en tierra.,SABOTAJE - SECUESTRO
08/16/1986,Malakal; Sudán,Sudan Airways,Derribado por rebeldes del SPLA con misiles tierra-aire,SABOTAJE - SECUESTRO
09/05/1986,Karachi; Pakistán,Panamericana AW,Los secuestradores abrieron fuego contra los pasajeros y la tripulación y lanzaron granadas entre ellos.,SABOTAJE - SECUESTRO
12/25/1986,Ay; Arabia Saudí,AW iraquí,Dos granadas de mano explotaron en la cabina causando que el avión perdiera el control y se estrellara.,SABOTAJE - SECUESTRO
05/05/1987,Malakal; Sudán,Sasco Air Lines,Derribado por los rebeldes poco después de despegar.,SABOTAJE - SECUESTRO
07/24/1987,Ginebra; Suiza,Air Afrique,Un secuestrador mató a un pasajero antes de que el avión fuera asaltado por las tropas.,SABOTAJE - SECUESTRO
11/29/1987,Mar de Andamán,Corea AL,Detonación de un artefacto explosivo en la cabina de pasajeros.,SABOTAJE - SECUESTRO
12/07/1987,San Luis Obispo; California,Pacífico Suroeste de la Liga Americana,David Burk; un empleado despedido; disparó al piloto y al primer oficial.,SABOTAJE - SECUESTRO
03/01/1988,Johannesberg; Sudáfrica,Comair,Detonación de una bomba de nitroglicerina en la cabina. Suicidio para el seguro.,SABOTAJE - SECUESTRO
07/03/1988,Golfo Pérsico,Iran Air,Derribado por el buque de la Armada de los Estados Unidos U.S.S. Vincennes con misiles tierra-aire.,SABOTAJE - SECUESTRO
08/17/1988,Bahawalpur; Pakistán,Fuerza Aérea de Pakistán,Detonación de un artefacto explosivo de bajo nivel o gas incapacitante.,SABOTAJE - SECUESTRO
12/21/1988,Lockerbie; Escocia,Panamericana AW,Detonación de un artefacto explosivo en la zona de carga delantera plantado por terroristas.,SABOTAJE - SECUESTRO
06/28/1989,Borana; Somalia,Somali Airlines,Derribado por un misil tierra-aire.,SABOTAJE - SECUESTRO
09/19/1989,Bilma; Níger,Union des Trans. Aer.,Detonación de una bomba en un contenedor ubicado 13-R en la bodega de carga delantera.,SABOTAJE - SECUESTRO
11/27/1989,Bogotá; Colombia,Avianca,Detonación de una bomba en el asiento 15F causando la ignición de vapores de combustible en un tanque de combustible vacío.,SABOTAJE - SECUESTRO
10/02/1990,Cantón; China,Xiamen/China SW AL,Después de una lucha en la cabina con un secuestrador; el piloto golpeó tres aviones estacionados.,SABOTAJE - SECUESTRO
08/28/1993,Khorag; Tayikistán,Tadzhikistan Nat. AL,La tripulación fue obligada a despegar con un avión sobrecargado por secuestradores armados.,SABOTAJE - SECUESTRO
09/21/1993,Sujumi; Georgia,Transair Georgia Airlines,Derribado con un misil por rebeldes separatistas abjazíes.,SABOTAJE - SECUESTRO
04/06/1994,Kigali; Ruanda,Gobierno de Ruanda,Derribado por misil.,SABOTAJE - SECUESTRO
07/09/1994,Colón; Panamá,Alas Chiricanas,Una bomba explotó a bordo.,SABOTAJE - SECUESTRO
07/19/1994,Colón; Panamá,Alas Chiricanas,Se estrelló después de que una bomba explotó a bordo.,SABOTAJE - SECUESTRO
12/10/1994,Océano Pacífico,Líneas aéreas filipinas,Un artefacto explosivo detonó a FL 300 debajo de un asiento en la cabina de pasajeros haciendo un agujero de dos pies cuadrados en el piso de la cabina.,SABOTAJE - SECUESTRO
12/26/1994,Argel; Argelia,Air France,Tres pasajeros y cuatro secuestradores murieron cuando el avión fue asaltado.,SABOTAJE - SECUESTRO
11/23/1996,Moroni; Islas Comoras,AL etíope,El avión fue secuestrado y se quedó sin combustible estrellándose en el océano.,SABOTAJE - SECUESTRO
07/09/1997,Suzano; Brasil,Tam,Una pequeña bomba que contenía solo 7 onzas de explosivos fue colocada debajo del asiento del pasajero.,SABOTAJE - SECUESTRO
04/05/1988,Combi; Chipre,Kuwait AW,Dos rehenes asesinados en el suelo por secuestradores.,SABOTAJE - SECUESTRO
09/02/1998,Angola,Permaviatrans,Derribado por rebeldes de la UNITA.,SABOTAJE - SECUESTRO
09/29/1998,Mannar; Sri Lanka,Lionair,Derribado por los rebeldes LTTE (Tigres de Liberación del Eelam Tamil).,SABOTAJE - SECUESTRO
12/14/1998,Cuito; Angola,Compañía aérea Khors,Derribado por rebeldes de la UNITA.,SABOTAJE - SECUESTRO
07/23/1999,Tokio; Japón,All Nippon AW,El piloto fue apuñalado y asesinado por un pasajero mentalmente enfermo; pero el copiloto aterrizó el avión de manera segura.,SABOTAJE - SECUESTRO
07/01/1999,Luzamba; Angola,Savanair,El avión de carga fue derribado por rebeldes de la UNITA.,SABOTAJE - SECUESTRO
12/24/1999,Amritsar; India,Indian Airlines,Un miembro de la tripulación murió después de que el avión fue secuestrado.,SABOTAJE - SECUESTRO
05/25/2000,Manila; Filipinas,Líneas aéreas filipinas,Un secuestrador fue asesinado después de saltar del avión con un paracaídas casero.,SABOTAJE - SECUESTRO
03/15/2001,Medina; Arabia Saudí,Líneas aéreas Vnukovo,Tres personas murieron después de que el avión secuestrado fuera asaltado.,SABOTAJE - SECUESTRO
09/11/2001,Shanksville; Pensilvania,United AL,Secuestrado y volado al suelo en Pensilvania.,SABOTAJE - SECUESTRO
09/11/2001,Nueva York; Estado de Nueva York,AL Americana,Secuestrado y volado contra las torres gemelas de Nueva York.,SABOTAJE - SECUESTRO
09/11/2001,Nueva York; Estado de Nueva York,United AL,Secuestrado y volado contra las torres gemelas de Nueva York.,SABOTAJE - SECUESTRO
09/11/2001,Arlington; Virginia,AL Americana,Secuestrado y volado contra el Pentágono.,SABOTAJE - SECUESTRO
10/04/2001,Sochi; Rusia,Aerolíneas Sibir,Derribado accidentalmente por un misil tierra-aire ucraniano.,SABOTAJE - SECUESTRO
12/14/2001,Geti; República Democrática del Congo,Águila Aérea,Derribado por los rebeldes de las Fuerzas Democráticas Aliadas.,SABOTAJE - SECUESTRO
05/07/2002,Off Dalian; China,China Northern Airlines,Incendio fuera de control después de que un pasajero inició deliberadamente un incendio con gasolina.,SABOTAJE - SECUESTRO
08/24/2004,Toula; Rusia,Volga-Avia Express,Detonación de un artefacto explosivo a bordo.,SABOTAJE - SECUESTRO
08/24/2004,Toula; Rusia,Volga-Avia Express,Detonación de un artefacto explosivo a bordo.,SABOTAJE - SECUESTRO
08/24/2004,Rostov-on-Don; Rusia,Aerolíneas Sibir,Detonación de un artefacto explosivo a bordo.,SABOTAJE - SECUESTRO
07/17/2014,Hrabove; Ucrania,Malaysia Airlines,Derribado.,SABOTAJE - SECUESTRO
03/24/2015,Digne-Les-Bains; Fran,Germanwings,El piloto voló deliberadamente el avión contra el suelo.,SABOTAJE - SECUESTRO
10/31/2015,Hasna; Egipto,Metrojet,Derribado por un artefacto explosivo casero en la bodega de carga trasera izquierda.,SABOTAJE - SECUESTRO
02/02/2016,Mogadiscio; Somalia,Daallo Airlines,Detonación de una bomba que contiene TNT. Uno fue succionado del avión.,SABOTAJE - SECUESTRO
01/08/2020,Shahiiah. Ucrania,Ukrain Inter Airlines,Derribado por la Guardia Revolucionaria de Irán.,SABOTAJE - SECUESTRO
